[{"model": "admin.logentry", "pk": 1, "fields": {"action_time": "2023-01-12T15:30:29.455Z", "user": 1, "content_type": 11, "object_id": "1", "object_repr": "20.", "action_flag": 1, "change_message": "[{\"added\": {}}]"}}, {"model": "admin.logentry", "pk": 2, "fields": {"action_time": "2023-01-12T15:30:34.455Z", "user": 1, "content_type": 8, "object_id": "1", "object_repr": "Sci-fi", "action_flag": 1, "change_message": "[{\"added\": {}}]"}}, {"model": "admin.logentry", "pk": 3, "fields": {"action_time": "2023-01-12T15:30:38.717Z", "user": 1, "content_type": 8, "object_id": "2", "object_repr": "Romány", "action_flag": 1, "change_message": "[{\"added\": {}}]"}}, {"model": "admin.logentry", "pk": 4, "fields": {"action_time": "2023-01-12T15:30:44.505Z", "user": 1, "content_type": 8, "object_id": "3", "object_repr": "Literatura česká", "action_flag": 1, "change_message": "[{\"added\": {}}]"}}, {"model": "admin.logentry", "pk": 5, "fields": {"action_time": "2023-01-12T15:31:59.064Z", "user": 1, "content_type": 9, "object_id": "1", "object_repr": "Rakousko-Uhersko - Malé Svatoňovice", "action_flag": 1, "change_message": "[{\"added\": {}}]"}}, {"model": "admin.logentry", "pk": 6, "fields": {"action_time": "2023-01-12T15:33:56.187Z", "user": 1, "content_type": 6, "object_id": "1", "object_repr": "Karel Čapek", "action_flag": 1, "change_message": "[{\"added\": {}}]"}}, {"model": "admin.logentry", "pk": 7, "fields": {"action_time": "2023-01-12T15:34:03.761Z", "user": 1, "content_type": 7, "object_id": "1", "object_repr": "Válka s Mloky", "action_flag": 1, "change_message": "[{\"added\": {}}]"}}, {"model": "admin.logentry", "pk": 8, "fields": {"action_time": "2023-01-12T15:42:07.534Z", "user": 1, "content_type": 8, "object_id": "4", "object_repr": "Fantasy", "action_flag": 1, "change_message": "[{\"added\": {}}]"}}, {"model": "admin.logentry", "pk": 9, "fields": {"action_time": "2023-01-12T15:42:18.114Z", "user": 1, "content_type": 8, "object_id": "5", "object_repr": "Literatura světová", "action_flag": 1, "change_message": "[{\"added\": {}}]"}}, {"model": "admin.logentry", "pk": 10, "fields": {"action_time": "2023-01-12T15:46:22.643Z", "user": 1, "content_type": 9, "object_id": "2", "object_repr": "Jihoafrická republika - Bloemfontein", "action_flag": 1, "change_message": "[{\"added\": {}}]"}}, {"model": "admin.logentry", "pk": 11, "fields": {"action_time": "2023-01-12T15:46:24.169Z", "user": 1, "content_type": 6, "object_id": "2", "object_repr": "J. R. R. Tolkien", "action_flag": 1, "change_message": "[{\"added\": {}}]"}}, {"model": "admin.logentry", "pk": 12, "fields": {"action_time": "2023-01-12T15:46:29.967Z", "user": 1, "content_type": 7, "object_id": "2", "object_repr": "Společenstvo Prstenu", "action_flag": 1, "change_message": "[{\"added\": {}}]"}}, {"model": "admin.logentry", "pk": 13, "fields": {"action_time": "2023-01-12T15:51:01.054Z", "user": 1, "content_type": 8, "object_id": "6", "object_repr": "Divadelní hry", "action_flag": 1, "change_message": "[{\"added\": {}}]"}}, {"model": "admin.logentry", "pk": 14, "fields": {"action_time": "2023-01-12T15:51:29.829Z", "user": 1, "content_type": 7, "object_id": "3", "object_repr": "R.U.R.", "action_flag": 1, "change_message": "[{\"added\": {}}]"}}, {"model": "admin.logentry", "pk": 15, "fields": {"action_time": "2023-01-12T15:52:45.705Z", "user": 1, "content_type": 7, "object_id": "4", "object_repr": "Bílá nemoc", "action_flag": 1, "change_message": "[{\"added\": {}}]"}}, {"model": "admin.logentry", "pk": 16, "fields": {"action_time": "2023-01-12T15:54:47.266Z", "user": 1, "content_type": 12, "object_id": "2", "object_repr": "Lukas", "action_flag": 1, "change_message": "[{\"added\": {}}]"}}, {"model": "admin.logentry", "pk": 17, "fields": {"action_time": "2023-01-12T15:55:13.159Z", "user": 1, "content_type": 12, "object_id": "2", "object_repr": "Lukas", "action_flag": 2, "change_message": "[{\"changed\": {\"fields\": [\"Age\", \"Phone number\", \"City\", \"PCS\", \"Image\", \"About\"]}}]"}}, {"model": "admin.logentry", "pk": 18, "fields": {"action_time": "2023-01-12T15:57:12.182Z", "user": 1, "content_type": 3, "object_id": "1", "object_repr": "Personál", "action_flag": 1, "change_message": "[{\"added\": {}}]"}}, {"model": "admin.logentry", "pk": 19, "fields": {"action_time": "2023-01-12T15:57:17.393Z", "user": 1, "content_type": 3, "object_id": "1", "object_repr": "Personál", "action_flag": 2, "change_message": "[]"}}, {"model": "admin.logentry", "pk": 20, "fields": {"action_time": "2023-01-12T15:58:18.251Z", "user": 1, "content_type": 3, "object_id": "1", "object_repr": "Is staff", "action_flag": 2, "change_message": "[{\"changed\": {\"fields\": [\"Name\"]}}]"}}, {"model": "admin.logentry", "pk": 21, "fields": {"action_time": "2023-01-12T15:58:30.228Z", "user": 1, "content_type": 12, "object_id": "2", "object_repr": "Lukas", "action_flag": 2, "change_message": "[]"}}, {"model": "admin.logentry", "pk": 22, "fields": {"action_time": "2023-01-12T16:12:28.321Z", "user": 1, "content_type": 3, "object_id": "1", "object_repr": "Is staff", "action_flag": 2, "change_message": "[]"}}, {"model": "admin.logentry", "pk": 23, "fields": {"action_time": "2023-01-12T16:16:48.581Z", "user": 1, "content_type": 3, "object_id": "1", "object_repr": "Personál", "action_flag": 2, "change_message": "[{\"changed\": {\"fields\": [\"Name\"]}}]"}}, {"model": "admin.logentry", "pk": 24, "fields": {"action_time": "2023-01-12T16:16:57.066Z", "user": 1, "content_type": 12, "object_id": "2", "object_repr": "Lukas", "action_flag": 2, "change_message": "[{\"changed\": {\"fields\": [\"Groups\"]}}]"}}, {"model": "admin.logentry", "pk": 25, "fields": {"action_time": "2023-01-12T16:18:31.071Z", "user": 1, "content_type": 3, "object_id": "1", "object_repr": "Personál", "action_flag": 2, "change_message": "[{\"changed\": {\"fields\": [\"Permissions\"]}}]"}}, {"model": "admin.logentry", "pk": 26, "fields": {"action_time": "2023-01-12T16:20:25.713Z", "user": 1, "content_type": 3, "object_id": "1", "object_repr": "Personál", "action_flag": 2, "change_message": "[{\"changed\": {\"fields\": [\"Permissions\"]}}]"}}, {"model": "admin.logentry", "pk": 27, "fields": {"action_time": "2023-01-12T16:22:04.781Z", "user": 2, "content_type": 12, "object_id": "1", "object_repr": "admin", "action_flag": 2, "change_message": "[{\"changed\": {\"fields\": [\"Groups\"]}}]"}}, {"model": "admin.logentry", "pk": 28, "fields": {"action_time": "2023-01-12T16:22:19.483Z", "user": 2, "content_type": 12, "object_id": "1", "object_repr": "admin", "action_flag": 2, "change_message": "[{\"changed\": {\"fields\": [\"Age\"]}}]"}}, {"model": "admin.logentry", "pk": 29, "fields": {"action_time": "2023-01-12T16:22:50.309Z", "user": 1, "content_type": 3, "object_id": "1", "object_repr": "Personál", "action_flag": 2, "change_message": "[{\"changed\": {\"fields\": [\"Permissions\"]}}]"}}, {"model": "admin.logentry", "pk": 30, "fields": {"action_time": "2023-01-12T16:25:59.376Z", "user": 2, "content_type": 11, "object_id": "2", "object_repr": "21.", "action_flag": 1, "change_message": "[{\"added\": {}}]"}}, {"model": "admin.logentry", "pk": 31, "fields": {"action_time": "2023-01-12T16:29:16.604Z", "user": 2, "content_type": 9, "object_id": "3", "object_repr": "USA - New Jersey", "action_flag": 1, "change_message": "[{\"added\": {}}]"}}, {"model": "admin.logentry", "pk": 32, "fields": {"action_time": "2023-01-12T16:29:29.563Z", "user": 2, "content_type": 6, "object_id": "3", "object_repr": "George R. R. Martin", "action_flag": 1, "change_message": "[{\"added\": {}}]"}}, {"model": "admin.logentry", "pk": 33, "fields": {"action_time": "2023-01-12T16:29:42.252Z", "user": 2, "content_type": 7, "object_id": "5", "object_repr": "Hra o trůny", "action_flag": 1, "change_message": "[{\"added\": {}}]"}}, {"model": "admin.logentry", "pk": 34, "fields": {"action_time": "2023-01-12T16:29:59.916Z", "user": 2, "content_type": 7, "object_id": "5", "object_repr": "Hra o trůny", "action_flag": 2, "change_message": "[{\"changed\": {\"fields\": [\"Genre\"]}}]"}}, {"model": "admin.logentry", "pk": 35, "fields": {"action_time": "2023-01-12T16:32:56.616Z", "user": 2, "content_type": 6, "object_id": "3", "object_repr": "George R. R. Martin", "action_flag": 2, "change_message": "[]"}}, {"model": "admin.logentry", "pk": 36, "fields": {"action_time": "2023-01-12T16:34:13.197Z", "user": 2, "content_type": 11, "object_id": "3", "object_repr": "19.", "action_flag": 1, "change_message": "[{\"added\": {}}]"}}, {"model": "admin.logentry", "pk": 37, "fields": {"action_time": "2023-01-12T16:34:26.925Z", "user": 2, "content_type": 8, "object_id": "7", "object_repr": "Poezie", "action_flag": 1, "change_message": "[{\"added\": {}}]"}}, {"model": "admin.logentry", "pk": 38, "fields": {"action_time": "2023-01-12T16:36:20.514Z", "user": 2, "content_type": 9, "object_id": "4", "object_repr": "Rakouské císařství", "action_flag": 1, "change_message": "[{\"added\": {}}]"}}, {"model": "admin.logentry", "pk": 39, "fields": {"action_time": "2023-01-12T16:36:21.860Z", "user": 2, "content_type": 6, "object_id": "4", "object_repr": "Karel Havlíček Borovský", "action_flag": 1, "change_message": "[{\"added\": {}}]"}}, {"model": "admin.logentry", "pk": 40, "fields": {"action_time": "2023-01-12T16:36:27.179Z", "user": 2, "content_type": 7, "object_id": "6", "object_repr": "Tyrolské elegie", "action_flag": 1, "change_message": "[{\"added\": {}}]"}}, {"model": "admin.logentry", "pk": 41, "fields": {"action_time": "2023-01-12T16:38:55.895Z", "user": 2, "content_type": 8, "object_id": "8", "object_repr": "Povídky", "action_flag": 1, "change_message": "[{\"added\": {}}]"}}, {"model": "admin.logentry", "pk": 42, "fields": {"action_time": "2023-01-12T16:40:20.115Z", "user": 2, "content_type": 9, "object_id": "5", "object_repr": "Polsko", "action_flag": 1, "change_message": "[{\"added\": {}}]"}}, {"model": "admin.logentry", "pk": 43, "fields": {"action_time": "2023-01-12T16:40:38.042Z", "user": 2, "content_type": 6, "object_id": "5", "object_repr": "Andrzej Sapkowski", "action_flag": 1, "change_message": "[{\"added\": {}}]"}}, {"model": "admin.logentry", "pk": 44, "fields": {"action_time": "2023-01-12T16:40:42.281Z", "user": 2, "content_type": 7, "object_id": "7", "object_repr": "Poslední přání", "action_flag": 1, "change_message": "[{\"added\": {}}]"}}, {"model": "auth.permission", "pk": 1, "fields": {"name": "Can add log entry", "content_type": 1, "codename": "add_logentry"}}, {"model": "auth.permission", "pk": 2, "fields": {"name": "Can change log entry", "content_type": 1, "codename": "change_logentry"}}, {"model": "auth.permission", "pk": 3, "fields": {"name": "Can delete log entry", "content_type": 1, "codename": "delete_logentry"}}, {"model": "auth.permission", "pk": 4, "fields": {"name": "Can view log entry", "content_type": 1, "codename": "view_logentry"}}, {"model": "auth.permission", "pk": 5, "fields": {"name": "Can add permission", "content_type": 2, "codename": "add_permission"}}, {"model": "auth.permission", "pk": 6, "fields": {"name": "Can change permission", "content_type": 2, "codename": "change_permission"}}, {"model": "auth.permission", "pk": 7, "fields": {"name": "Can delete permission", "content_type": 2, "codename": "delete_permission"}}, {"model": "auth.permission", "pk": 8, "fields": {"name": "Can view permission", "content_type": 2, "codename": "view_permission"}}, {"model": "auth.permission", "pk": 9, "fields": {"name": "Can add group", "content_type": 3, "codename": "add_group"}}, {"model": "auth.permission", "pk": 10, "fields": {"name": "Can change group", "content_type": 3, "codename": "change_group"}}, {"model": "auth.permission", "pk": 11, "fields": {"name": "Can delete group", "content_type": 3, "codename": "delete_group"}}, {"model": "auth.permission", "pk": 12, "fields": {"name": "Can view group", "content_type": 3, "codename": "view_group"}}, {"model": "auth.permission", "pk": 13, "fields": {"name": "Can add content type", "content_type": 4, "codename": "add_contenttype"}}, {"model": "auth.permission", "pk": 14, "fields": {"name": "Can change content type", "content_type": 4, "codename": "change_contenttype"}}, {"model": "auth.permission", "pk": 15, "fields": {"name": "Can delete content type", "content_type": 4, "codename": "delete_contenttype"}}, {"model": "auth.permission", "pk": 16, "fields": {"name": "Can view content type", "content_type": 4, "codename": "view_contenttype"}}, {"model": "auth.permission", "pk": 17, "fields": {"name": "Can add session", "content_type": 5, "codename": "add_session"}}, {"model": "auth.permission", "pk": 18, "fields": {"name": "Can change session", "content_type": 5, "codename": "change_session"}}, {"model": "auth.permission", "pk": 19, "fields": {"name": "Can delete session", "content_type": 5, "codename": "delete_session"}}, {"model": "auth.permission", "pk": 20, "fields": {"name": "Can view session", "content_type": 5, "codename": "view_session"}}, {"model": "auth.permission", "pk": 21, "fields": {"name": "Can add author", "content_type": 6, "codename": "add_author"}}, {"model": "auth.permission", "pk": 22, "fields": {"name": "Can change author", "content_type": 6, "codename": "change_author"}}, {"model": "auth.permission", "pk": 23, "fields": {"name": "Can delete author", "content_type": 6, "codename": "delete_author"}}, {"model": "auth.permission", "pk": 24, "fields": {"name": "Can view author", "content_type": 6, "codename": "view_author"}}, {"model": "auth.permission", "pk": 25, "fields": {"name": "Can add book", "content_type": 7, "codename": "add_book"}}, {"model": "auth.permission", "pk": 26, "fields": {"name": "Can change book", "content_type": 7, "codename": "change_book"}}, {"model": "auth.permission", "pk": 27, "fields": {"name": "Can delete book", "content_type": 7, "codename": "delete_book"}}, {"model": "auth.permission", "pk": 28, "fields": {"name": "Can view book", "content_type": 7, "codename": "view_book"}}, {"model": "auth.permission", "pk": 29, "fields": {"name": "Can add genre", "content_type": 8, "codename": "add_genre"}}, {"model": "auth.permission", "pk": 30, "fields": {"name": "Can change genre", "content_type": 8, "codename": "change_genre"}}, {"model": "auth.permission", "pk": 31, "fields": {"name": "Can delete genre", "content_type": 8, "codename": "delete_genre"}}, {"model": "auth.permission", "pk": 32, "fields": {"name": "Can view genre", "content_type": 8, "codename": "view_genre"}}, {"model": "auth.permission", "pk": 33, "fields": {"name": "Can add nation", "content_type": 9, "codename": "add_nation"}}, {"model": "auth.permission", "pk": 34, "fields": {"name": "Can change nation", "content_type": 9, "codename": "change_nation"}}, {"model": "auth.permission", "pk": 35, "fields": {"name": "Can delete nation", "content_type": 9, "codename": "delete_nation"}}, {"model": "auth.permission", "pk": 36, "fields": {"name": "Can view nation", "content_type": 9, "codename": "view_nation"}}, {"model": "auth.permission", "pk": 37, "fields": {"name": "Can add review", "content_type": 10, "codename": "add_review"}}, {"model": "auth.permission", "pk": 38, "fields": {"name": "Can change review", "content_type": 10, "codename": "change_review"}}, {"model": "auth.permission", "pk": 39, "fields": {"name": "Can delete review", "content_type": 10, "codename": "delete_review"}}, {"model": "auth.permission", "pk": 40, "fields": {"name": "Can view review", "content_type": 10, "codename": "view_review"}}, {"model": "auth.permission", "pk": 41, "fields": {"name": "Can add century", "content_type": 11, "codename": "add_century"}}, {"model": "auth.permission", "pk": 42, "fields": {"name": "Can change century", "content_type": 11, "codename": "change_century"}}, {"model": "auth.permission", "pk": 43, "fields": {"name": "Can delete century", "content_type": 11, "codename": "delete_century"}}, {"model": "auth.permission", "pk": 44, "fields": {"name": "Can view century", "content_type": 11, "codename": "view_century"}}, {"model": "auth.permission", "pk": 45, "fields": {"name": "Can add profile", "content_type": 12, "codename": "add_profile"}}, {"model": "auth.permission", "pk": 46, "fields": {"name": "Can change profile", "content_type": 12, "codename": "change_profile"}}, {"model": "auth.permission", "pk": 47, "fields": {"name": "Can delete profile", "content_type": 12, "codename": "delete_profile"}}, {"model": "auth.permission", "pk": 48, "fields": {"name": "Can view profile", "content_type": 12, "codename": "view_profile"}}, {"model": "auth.group", "pk": 1, "fields": {"name": "Personál", "permissions": [21, 22, 24, 25, 26, 28, 41, 42, 44, 29, 30, 32, 33, 34, 36, 37, 38, 40]}}, {"model": "contenttypes.contenttype", "pk": 1, "fields": {"app_label": "admin", "model": "logentry"}}, {"model": "contenttypes.contenttype", "pk": 2, "fields": {"app_label": "auth", "model": "permission"}}, {"model": "contenttypes.contenttype", "pk": 3, "fields": {"app_label": "auth", "model": "group"}}, {"model": "contenttypes.contenttype", "pk": 4, "fields": {"app_label": "contenttypes", "model": "contenttype"}}, {"model": "contenttypes.contenttype", "pk": 5, "fields": {"app_label": "sessions", "model": "session"}}, {"model": "contenttypes.contenttype", "pk": 6, "fields": {"app_label": "DatabaseApps", "model": "author"}}, {"model": "contenttypes.contenttype", "pk": 7, "fields": {"app_label": "DatabaseApps", "model": "book"}}, {"model": "contenttypes.contenttype", "pk": 8, "fields": {"app_label": "DatabaseApps", "model": "genre"}}, {"model": "contenttypes.contenttype", "pk": 9, "fields": {"app_label": "DatabaseApps", "model": "nation"}}, {"model": "contenttypes.contenttype", "pk": 10, "fields": {"app_label": "DatabaseApps", "model": "review"}}, {"model": "contenttypes.contenttype", "pk": 11, "fields": {"app_label": "DatabaseApps", "model": "century"}}, {"model": "contenttypes.contenttype", "pk": 12, "fields": {"app_label": "DatabaseAccounts", "model": "profile"}}, {"model": "sessions.session", "pk": "tpquwitsq9wdbo9iwrb8f8auwek8krb2", "fields": {"session_data": ".eJxVjMsOwiAQRf-FtSE8Wphx6b7fQIYBpWogKe3K-O_apAvd3nPOfYlA21rC1vMS5iTOQovT7xaJH7nuIN2p3prkVtdljnJX5EG7nFrKz8vh_h0U6uVbIzpCx8qQthohXTOCUUzaO0DyI4E1FuLAOnqtlIvOWAYcmL0Zbczi_QG9xjbp:1pG0i3:UuMdS92TOcLNRUVhpVZ1lNhQRXtm4CRm-g7wIh9uDyw", "expire_date": "2023-01-26T16:45:47.214Z"}}, {"model": "DatabaseApps.nation", "pk": 1, "fields": {"state": "Rakousko-Uhersko"}}, {"model": "DatabaseApps.nation", "pk": 2, "fields": {"state": "Jihoafrická republika"}}, {"model": "DatabaseApps.nation", "pk": 3, "fields": {"state": "USA"}}, {"model": "DatabaseApps.nation", "pk": 4, "fields": {"state": "Rakouské císařství"}}, {"model": "DatabaseApps.nation", "pk": 5, "fields": {"state": "Polsko"}}, {"model": "DatabaseApps.genre", "pk": 1, "fields": {"name": "Sci-fi"}}, {"model": "DatabaseApps.genre", "pk": 2, "fields": {"name": "Romány"}}, {"model": "DatabaseApps.genre", "pk": 3, "fields": {"name": "Literatura česká"}}, {"model": "DatabaseApps.genre", "pk": 4, "fields": {"name": "Fantasy"}}, {"model": "DatabaseApps.genre", "pk": 5, "fields": {"name": "Literatura světová"}}, {"model": "DatabaseApps.genre", "pk": 6, "fields": {"name": "Divadelní hry"}}, {"model": "DatabaseApps.genre", "pk": 7, "fields": {"name": "Poezie"}}, {"model": "DatabaseApps.genre", "pk": 8, "fields": {"name": "Povídky"}}, {"model": "DatabaseApps.century", "pk": 1, "fields": {"name": "20."}}, {"model": "DatabaseApps.century", "pk": 2, "fields": {"name": "21."}}, {"model": "DatabaseApps.century", "pk": 3, "fields": {"name": "19."}}, {"model": "DatabaseApps.author", "pk": 1, "fields": {"name": "Karel", "surname": "Čapek", "birthdate": "9.1.1890", "deathdate": "25.12.1938", "photo": "author/None/author_poster/Capek_hhVIw9t.jpg", "bio": "Karel Čapek trpěl od svých 21 let Bechtěrevovou nemocí, což je chronické zánětlivé onemocnění především páteřních obratlů. Pro svou nemoc nebyl odveden do rakouské armády a nemusel proto bojovat v první světové válce, přesto byl touto válkou a jejími následky velmi ovlivněn. Po ukončení studia krátce působil jako vychovatel v šlechtické rodině; v roce 1917 byl domácím učitelem Prokopa Lažanského na zámku Chyše. Jako vychovatel však údajně působil pouze tři měsíce, a brzy přešel k novinařině. Stal se redaktorem v několika denících a časopisech: v Národních listech (1917–1921), v týdeníku Nebojsa (1918–1920) a v Lidových novinách (od roku 1921). Z Národních listů odešel v roce 1921 na protest proti vyloučení svého bratra z redakce a proti politickému směřování listu, které vnímal jako zaměřené proti prvnímu československému prezidentovi Tomáši Garrigue Masarykovi.\r\n\r\nV letech 1921–1923 byl dramaturgem i režisérem Vinohradského divadla. V letech 1925–1933 byl prvním předsedou československého odboru PEN klubu.\r\n\r\n\r\nPátečníci Karel Čapek a Tomáš Garrigue Masaryk\r\nKarel Čapek a jeho bratr Josef byli zhruba od roku 1925 aktéry pravidelného pátečního setkávání osobností politického a kulturního života. Tyto schůzky se staly zavedenou „institucí“. Roku 1927 se pro jejich účastníky všeobecně vžil název pátečníci. Mezi pátečníky patřili kromě bratří Čapků mj. prezident T. G. Masaryk, ministr zahraničí Edvard Beneš, historik Josef Šusta a novinář Ferdinand Peroutka.\r\n\r\nČapkovy Hovory s T. G. Masarykem (sepsány 1928–1935, ve 3 svazcích - v roce 1938 shrnuty do jednoho svazku) jsou jedinečným svědectvím o T. G. Masarykovi, o jeho názorech nejen politických, filozofických, ale i lidských, a jeho vzpomínek.\r\n\r\n26. srpna 1935 se Karel Čapek na vinohradské radnici oženil se svou dlouholetou přítelkyní, herečkou Olgou Scheinpflugovou.", "city": "", "nation": [1]}}, {"model": "DatabaseApps.author", "pk": 2, "fields": {"name": "J. R. R.", "surname": "Tolkien", "birthdate": "3.1.1892", "deathdate": "2.9.1973", "photo": "author/None/author_poster/J._R._R._Tolkien_ca._1925_sE4nJlr.jpg", "bio": "John Ronald Reuel Tolkien byl anglický prozaik, filozof a literární kritik. Narodil se v jihoafrickém Bloemfontienu, po smrti otce roku 1895 však odjel za matkou do Británie, kde také absolvoval střední školu i univerzitu. V roce 1919 získal v Oxfordu diplom staroanglického jazyka a literatury. Od roku 1920 vyučoval angličtinu na univerzitě v Leedsu. Po pěti letech se stal v tomto oboru profesorem.\r\n\r\nJeho první publikovanou prací byl „Slovník střední angličtiny“ (A Middle English Vocabulary; 1922), po němž následovalo kritické vydání středověké romance „Sir Gawain a Zelený rytíř“ (Sir Gawain and the Green Knight; 1925). Přeložil také mnoho staroanglických a středoanglických literárních děl do moderní angličtiny.\r\n\r\nBěhem svého dlouhého života zveřejnil množství odborných literárně historických studií a řadu drobných pohádkových příběhů. Proslavil se ovšem teprve v podstatě pohádkovou knihou Hobit (The Hobbit; 1937, česky 1979), na níž později navázal trilogií Pán prstenů (The Lord of The Rings; 1954–5, česky 1990–2) a epos Silmarillion (The Silmarillion; 1977, česky poprvé 1992). Všechna tato díla těží z autorovy vynikající znalosti starogermánské a keltské mytologie, odehrávající se ve fiktivních krajích a přinášejí obecné poselství o smyslu života a dějin. Tolkien miloval společnost a také anglický venkov, podle nějž vytvořil i domov Hobitů, jedněch z hrdinů jeho knih, který nazval Kraj. Několik svých knih dokonce sám ilustroval, protože byl i zručný malíř.\r\n\r\nÚstředním motivem těchto knih je archetypální souboj dobra se zlem. Ačkoliv to sám autor často popíral, k atmosféře knih významně přispěla doba jejich vzniku – období 2. světové války a poněkud bezútěšné roky před a po ní. Tolkienova vědecká erudice, vypravěčské schopnosti, mimořádný jazykový cit a nesporný básnický talent (projevující se zejména v písních a verších, které doplňují epickou linii příběhů) učinily z jeho děl literární skvost.\r\n\r\nHlavním důvodem jeho velikého úspěchu a širokých znalostí bylo, že dokázal stará díla, která překládal, chápat nejen jako zdroj filologických poznatků, ale také dokázal vnímat jejich literární obsah a hodnotu, což mu dalo velikou výhodu v pozdější tvorbě.\r\n\r\nTolkien je nikoliv nadarmo považován za pravého otce žánru fantasy. Jako první vytvořil ucelený obraz všech různých mytologických postav a hlavně ras jako jsou například elfové, enti, hobiti a trpaslíci. Díky jeho podrobnému popisu je nemyslitelné, aby v moderní fantasy byli elfové spojováni s podzemím nebo trpaslíci s lesem a jeho přírodou. Díky němu se také stal žánr fantasy velmi populární a kritiky uznávaný. Nebyl již považován za směr sci-fi, jak bylo do té doby tvrzeno, ale za plnohodnotný a samostatný žánr, který se od ostatních rozlišuje nezaměnitelnými prvky.\r\n\r\nTolkien zemřel 2. září 1973 na dovolené v Bournemouth na důsledky akutního zánětu žaludečního vředu. Je pohřben po boku své milované ženy na Wolvercote Cementary v severním Oxfordu. Na jejich společném náhrobku jsou u jejich jmen vytesána i jména Beren a Lúthien.", "city": "", "nation": [2]}}, {"model": "DatabaseApps.author", "pk": 3, "fields": {"name": "George R. R.", "surname": "Martin", "birthdate": "20.9.1948", "deathdate": null, "photo": "author/None/author_poster/George_R._R._Martin_mTpA4qy.jpg", "bio": "George Raymond Richard Martin (* 20.9.1948 v Bayonne, New Jersey). Jeho otec byl přístavní dělník. Měl dvě sestry.\r\n\r\nNavštěvoval Mary Jane Donohoe School a střední školu Marist High School. Začal psát jako velmi mladý, prodával příběhy o příšerách ostatním dětem ze sousedství za penny, a to včetně dramatického čtení. Později se stal fanouškem komiksů a sběratelem na střední škole a začal psát beletrii pro amatérské fanouškovské časopisy. Jeho první profesionální prodej se uskutečnil v roce 1970 , kdy mu bylo 21: The Hero (=hrdina) prodán Galaxy, vydán v únoru 1971. Další prodeje následovaly.\r\n\r\nV roce 1970 získal bakalářský titul v žurnalistice na Severozápadní univerzitě v Evanstonu, Illinois, (s červeným diplomem). Následně tamtéž dokončil magisterské studium žurnalistiky.\r\n\r\nJakožto svědomitý oponent sloužil náhradní službu v letech 1972-1974 u VISTA při nadaci bezplatné právní pomoci okrsku Cook. Též dělal ředitele šachových turnajů pro Continental Chess Association (kontinentální šachová asociace) v letech 1973-1976, a v letech 1976-1978 vyučoval žurnalistiku na Clarke College, Dubuque, Iowa. V 70. letech psal na částečný úvazek, zatímco pracoval jako dobrovolník u VISTA, šachový ředitel a učitel.\r\n\r\nV roce 1975 se oženil s Gale Burnick. Z bezdětného manželství se rozvedli o čtyři roky později. Martin začal psát na plný úvazek v roce 1979. V letech 1978-79 působil jako writer-in-residence na Clarke College.\r\n\r\nPo přesunu do Hollywoodu se zapsal jako story editor pro Twilight Zone na CBS Television (1986). V následujícím roce se v CBS stává výkonným konzultantem pro Beauty and the Beast (Kráska a zvíře), za další rok jeho producentem a za další rok co-Supervising producentem. Byl výkonným producentem pro Doorways, pilotní projekt, který napsal pro Columbia Pictures Television, který byl zfilmován v letech 1992-93.\r\n\r\nJeho současným domovem je Santa Fe v Novém Mexiku. Je členem Science Fiction &amp;amp; Fantasy Writers of America (američtí spisovatelé sci-fi a fantasy), kde působil v letech 1977-1979 jako regionální ředitel pro středo-jih a v letech 1996-1998 jako viceprezident. Je též členem Writers’ Guild of America, West (cech spisovatelů Ameriky, západ).\r\n-----------------\r\n\r\nPestré dílo George R. R. Martina spadá jak do science fiction, tak do fantasy a hororu, a autorovi vyneslo několik cen Hugo a Nebula, jakož i Cenu Brama Stokera od Sdružení spisovatelů hororu. Řada jeho nejlepších textů dosahuje délky novely, u níž rozsah vyprávění umožňuje rozvíjet celou škálu témat a námětů protínajících žánrové hranice. Povídka Sandkings (č. Písečníci - Laser 1992 a Triton 2002) se v prostředí budoucnosti zabývá námětem starým jako klasické dílo hororu Frankenstein: nezodpovědností člověka, který si hraje na Boha, a nebezpečím, jemuž musí čelit, když se jeho stvůra obrátí proti němu samému. V povídce Nightflyers (č. Nightflyers - Laser 1992), jež se v roce 1987 dočkala i filmového zpracování, se na palubě vesmírného korábu odvíjí klasický scénář přiběhů o strašidelném domě. Námětem povídky A Song for Lya (č. Píseň pro Lyu - Laser 1992 a Triton 2002) je náboženská víra mimozemské kultury jakožto důsledek jejího jedinečného biologického uspořádání. Povídka Meathouse Man (Jateční muž) je jedním z několika textů, v nichž se autor zabývá klasickou hororovou tématikou zombií z pohledu science fiction. G. R. R. Martin debutoval v roce 1971. První román, Dying of the Light (č. Soumrak na Worlornu - Triton 2003) mu vyšel o šest let později a vysloužil si pochvalné kritiky za propracovaný portrét mimozemské kultury formované prazvláštní povahou planety, již obývá.\r\n\r\nTakřka všechny Martinovy romány jsou pozoruhodné velmi pečlivě propracovaným prostředím. Napsal scénáře mnoha televizních seriálů, mezi něž patří nová řada Zóny soumraku a Krásky a zvířete, a sestavil více než dvacet antologií, k nimž se řadí i patnáct titulů ze sdíleného světa série Wild Cards (Divoké karty).\r\n\r\nviz Mistrovské kusy", "city": "", "nation": [3]}}, {"model": "DatabaseApps.author", "pk": 4, "fields": {"name": "Karel Havlíček", "surname": "Borovský", "birthdate": "31.10.1821", "deathdate": "29.7.1856", "photo": "author/None/author_poster/karel-havlicek-borovsky.jpg", "bio": "Český novinář, spisovatel, vlastenec a politik. Přídomek Borovský, který Karel Havlíček začal používat, je odvozen od jeho místa narození (Borová).\r\nStudoval filozofii na univerzitě v Praze, poté vstoupil do pražského arcibiskupského semináře, z něhož byl v roce 1841 vyloučen. V letech 1843-44 působil jako vychovatel v rodině moskevského šlechtice, kde studoval ruskou literaturu (přeložil dílo N. V. Gogola) a napsal 78 epigramů. Výběr z nich vydal 1845 v pěti částech (Církvi, Královi, Vlasti, Múzám, Světu). Borovský kriticky hodnotil ruské společenské poměry (své dojmy vylíčil v Obrazech z Rusi).\r\n\r\nV roce 1846 převzal Borovský redakci Pražských novin a přílohu Česká včela. V kritice Tylovy novely Poslední Čech Borovský napadl neplodné a sebeuspokojující vlastenčení, publikoval stati o nereálnosti všeslovanské myšlenky Slovan a Čech a o obecním životě Co jest obec?\r\n\r\nHavlíček Borovský založil Národní noviny, publicistickou platformu českého liberalismu. V roce 1849 byl soudně vyšetřován. Po zastavení Národních novin 1850 vydával v Kutné Hoře týdeník Slovan. V roce 1851 publikoval soubor článků Duch národních novin a Epištoly kutnohorské.\r\n\r\nZa svou novinářskou činnost byl Borovský v létech 1851-55 internován v Brixenu, kde napsal satirické skladby Tyrolské elegie, Král Lávra a Křest svatého Vladimíra. V nich napadal absolutismus a světskou i církevní reakci. Havlíček Borovský je považován za zakladatele české moderní žurnalistiky, usilující logickými argumenty i ostrou satirou oprostit skutečnost od dogmat, mýtů a iluzí.", "city": "", "nation": [4]}}, {"model": "DatabaseApps.author", "pk": 5, "fields": {"name": "Andrzej", "surname": "Sapkowski", "birthdate": "21.6.1948", "deathdate": null, "photo": "author/None/author_poster/0012042237_Andrzej_Sapkowski.jpg", "bio": "Tento nekorunovaný král současné polské, potažmo východoevropské, fantasy se narodil 21. 6. 1948 ve městě Lodź ve znamení Blíženců. Absolvoval vysokou školu, mluví několika světovými jazyky, je ženatý, původně pracoval v zahraničním obchodu.V roce 1986 publikoval svoji první povídku Zaklínač v polském časopise Fantastyka (později vyšla česky v časopise IKARIE ). V roce 1988 se stal nejoblíbenějším polským fantasy autorem časopisu Fantastyka. Patří k nejoblíbenějším fantasy spisovatelům u nás, na Slovensku, v Rusku a vůbec v celé východní Evropě. V roce 1996 se jeho příběhy dočkaly vydání v němčině. V posledních letech píše recenze a fejetony do časopisu Fantastyka a Magia i miecz.\r\n\r\nZískané ceny: Ceny Akademie science fiction, fantasy a horroru: 1995 Krev elfů, 1996 Čas opovržení, 1998 Věž vlaštovky. Ceny Ikaros časopisu Ikarie: 1993 Zaklínač, 1994 Meč osudu, 1996 Krev elfů. Cena čs. fandomu LUDVÍK: 1993 Zaklínač.", "city": "Lodž", "nation": [5]}}, {"model": "DatabaseApps.book", "pk": 1, "fields": {"name": "Válka s Mloky", "photo": "book/None/book_poster/big_valka-s-mloky-ECX-343486_hjatGAC_WR85X9m.jpg", "plot": "Kapitán Van Toch (který je ovšem českého původu) objeví na ostrově Tana Masa v Tichém oceánu podivné, inteligentní, v moři žijící tvory, podobné mlokům. Zahájí s nimi výměnný obchod: kapitán Van Toch dodá mlokům nože na obranu proti žralokům, kteří mločí populaci decimují, a mloci na oplátku budou nosit kapitánu Van Tochovi perly. Seznámí s tímto projektem svého známého z dětství, továrníka G. H. Bondyho, který začne mlokům dodávat i jiné potřeby. Kapitán Van Toch mezitím vysazuje mloky i na jiných ostrovech Tichého oceánu. Po smrti kapitána Van Tocha se začne s mloky obchodovat jako s levnou pracovní silou, jsou také podrobeni vědeckému výzkumu, z něhož vyjde najevo, že se jedná o druh Andrias scheuchzeri, miocénního mloka, u kterého se předpokládalo vyhynutí. Mloci se ale postupně vyvinou v ještě inteligentnější tvory (za pomoci člověka), značně se přemnoží, vzbouří, začnou vyhrožovat lidem válkou, jestli jim nedovolí zbourat břehy pevnin, aby mohli rozšířit svůj podmořský svět. Mloci bourají pevniny, vzhledem k potřebě vzniku mělčin. Ze začátku je dáno, že mloci nemohou žít ve sladké vodě. Beznadějnost situace je zdůrazněna na konci knihy, kdy se už i ve Vltavě objeví černá hlava s opačnými víčky. Budoucnost lidstva je nejistá...", "century": [1], "genre": [1, 2, 3], "author": [1]}}, {"model": "DatabaseApps.book", "pk": 2, "fields": {"name": "Společenstvo Prstenu", "photo": "book/None/book_poster/big_pan-prstenu-spolecenstvo-prstenu-7Bu-2.jpg", "plot": "Nechme se okouzlit strhujícím příběhem kouzelného prstenu, který hraje klíčovou roli v boji dobra a zla v dávné Středozemi. Nechme se pohltit Středozemí, obdivujme se zoufalému hrdinství malého hobita, který jediný se může pokusit donést temný prsten tam, kde bude možné ho zničit, strachujme se, že by snad svůj úkol splnit nedokázal a nezachránil Středozemi před přílivem tmy, která by její obyvatele uvrhla do otroctví a beznaděje. Nechme se okouzlit – Pán prstenů nám tu možnost dává, nezávisle na tom, jestli jsme seriózní dospělci nebo dychtivé a naivní děti.", "century": [1], "genre": [2, 4, 5], "author": [2]}}, {"model": "DatabaseApps.book", "pk": 3, "fields": {"name": "R.U.R.", "photo": "book/None/book_poster/img_712579_orig.jpg", "plot": "Čapkovo utopistické drama, v němž se světu poprvé představilo slovo robot. Vypráví o továrně, v níž vznikají roboti, kteří pracují za lidi a umožňují tak vzniku jakéhosi ráje. Jenomže nic netrvá věčně a i roboti můžou začít myslet na sebe...", "century": [1], "genre": [3, 6], "author": [1]}}, {"model": "DatabaseApps.book", "pk": 4, "fields": {"name": "Bílá nemoc", "photo": "book/None/book_poster/bmid_bila-nemoc-NUl-687.jpg", "plot": "Popudem k napsání tohoto dramatu z r. 1937 byl podle autorových slov \"konflikt ideálů demokracie s ideály neomezených a ctižádostivých diktatur\". Jistou zemi napadla epidemie bílé nemoci. Lékař Galén proti ní vynalezl účinný lék. Lék vydá jen tehdy, když se vlády zaváží, že již nikdy nebudou válčit. Hlava státu, v němž bílá nemoc vypukla - výbojný maršál - chce dobývat svět a před ničím se nezastavuje. Bílou nemocí je napaden hlavní zbrojař země baron Krüg. Galén jej odmítá léčit, dokud nebudou splněny jeho podmínky.", "century": [1], "genre": [3, 6], "author": [1]}}, {"model": "DatabaseApps.book", "pk": 5, "fields": {"name": "Hra o trůny", "photo": "book/None/book_poster/big_hra-o-truny-U29-356617.jpg", "plot": "Zima se blíží. Dnes již klasická slova, která nejlépe vystihují epickou ságu George R. R. Martina Píseň ledu a ohně. Království Západozemí zažívají dlouhé léto, po němž musí následovat krutá zima. Ale ještě před ní a předtím, než se vrátí Jiní, se rozehrává hra o trůny, kterých je daleko méně než uchazečů. Snad jediný, kdo o Železný trůn nestojí, je lord Eddard Stark, strážce severu. Proto se právě on musí stát hybatelem událostí, které všechno změní. Epické vyprávění s desítkami postav se díky seriálu HBO stalo nejúspěšnější fantasy ságou od dob Pána prstenů. Na celém světě má miliony nadšených fanoušků, kteří netrpělivě čekají na každé pokračování. Hra o trůny vychází česky v novém překladu a úpravě.", "century": [2], "genre": [2, 4, 5], "author": [3]}}, {"model": "DatabaseApps.book", "pk": 6, "fields": {"name": "Tyrolské elegie", "photo": "book/None/book_poster/3140_2.jpg", "plot": "Název elegie (tj. nářek, žalozpěv) je ironickou nadsázkou; dílo je humorným a satirickým popisem Havlíčkova zatčení a internace v Brixenu v Tyrolsku. Kritizuje policii, společenský systém (nenavrhuje lepší). Používá skutečných jmen a příhod (např. příhoda o zatčení, kdy se splašili koně, a Havlíček sám je musel krotit). Skládá se z devíti zpěvů. Objevují se zde satirické, lyrické a ironické prvky. Celé dílo je psáno v pravidelných rýmovaných čtyřverších.", "century": [3], "genre": [3, 7], "author": [4]}}, {"model": "DatabaseApps.book", "pk": 7, "fields": {"name": "Poslední přání", "photo": "book/None/book_poster/87_aDrCqms.jpg", "plot": "Nově přeložené geraltovské povídky ze Stříbrného meče, něco z Věčného ohně a Meče osudu & kompletní povídka Hlas rozumu, kde Geralt vysvětluje, jak to všechno začalo.\r\n\r\nZaklínač, ošlehaný muž bez věku, jehož bílé vlasy nejsou znakem stáří, ale mutace, kterou musel podstoupit. Placený i dobrovolný likvidátor prapodivných tvorů: mantichor, trollů, vidlohonů, strig, amfisbain – pokud ovšem ohrožují lidský rod; v takovém případě zabíjí i bytost zvanou člověk. Prvotřídní, skvělý bojovník, který není neporazitelný ani nezranitelný – naopak, téměř z každého dobrodružství si odnáší další šrámy na těle i na duši.\r\n\r\nPovídky:\r\nCesta, z níž není návratu\r\nHlas rozumu 1\r\nZaklínač\r\nHlas rozumu 2\r\nZrnko pravdy\r\nHlas rozumu 3\r\nMenší zlo\r\nHlas rozumu 4\r\nOtázka ceny\r\nHlas rozumu 5\r\nKonec světa\r\nHlas rozumu 6\r\nPoslední přání\r\nHlas rozumu 7", "century": [1], "genre": [4, 5, 8], "author": [5]}}, {"model": "DatabaseApps.review", "pk": 1, "fields": {"book": 7, "user": 3, "text": "V Zaklínačském herním světě jsem strávil desítky hodin, na seriál se díval jako malý (řeč je o tom původním z roku 2002. Moderní Netflixovský mne jaksi minul) a proto jsem o knihy dlouho předlouho nejevil většího zájmu. Jako obvykle to byla chyba lávky. Povídky s bělovlasým lovcem nestvůr v hlavní roli jsou poutavě napsané, objevují se známé, ale i několik, pro mě nových, postav. Fantasy jako takové v loňském roce téměř zmizelo z mé knihovny, a díky Geraltovi se k tomuto žánru v letošním roce mile rád vracím.", "rate": 5.0, "status": true, "ip": "172.18.0.1", "created_date": "2023-01-12T16:43:13.773Z", "updated_date": "2023-01-12T16:43:13.773Z"}}, {"model": "DatabaseApps.review", "pk": 2, "fields": {"book": 1, "user": 3, "text": "Klasický čapkovský příběh s prvky fantastiky, za kterým je schovaný pohled na společnost. Lidé chtějí ovládnout mloky, inteligentní tvory mluvící lidským jazykem... Krátká kniha se mi nejprve špatně četla a pak byl najednou konec.", "rate": 4.0, "status": true, "ip": "172.18.0.1", "created_date": "2023-01-12T16:44:07.912Z", "updated_date": "2023-01-12T16:44:07.913Z"}}, {"model": "DatabaseApps.review", "pk": 3, "fields": {"book": 4, "user": 3, "text": "Nadčasové dielo. Do pozornosti dávam nahrávku Supraphonu z roku 1982, ktorá je v súčasnosti dostupná na rôznych portáloch vo forme audioknihy s vynikajúcim Rudolfom Hrušínským ako Galénom a Martinom Růžekom v úlohe Sigelia. Bolo radosťou počúvať…", "rate": 4.5, "status": true, "ip": "172.18.0.1", "created_date": "2023-01-12T16:44:35.893Z", "updated_date": "2023-01-12T16:44:35.893Z"}}, {"model": "DatabaseApps.review", "pk": 4, "fields": {"book": 5, "user": 3, "text": "Dobrá kniha.", "rate": 4.0, "status": true, "ip": "172.18.0.1", "created_date": "2023-01-12T16:44:51.653Z", "updated_date": "2023-01-12T16:44:51.653Z"}}, {"model": "DatabaseApps.review", "pk": 5, "fields": {"book": 3, "user": 3, "text": "Nic moc.", "rate": 2.5, "status": true, "ip": "172.18.0.1", "created_date": "2023-01-12T16:45:02.363Z", "updated_date": "2023-01-12T16:45:02.363Z"}}, {"model": "DatabaseApps.review", "pk": 6, "fields": {"book": 2, "user": 3, "text": "Super kniha.", "rate": 4.5, "status": true, "ip": "172.18.0.1", "created_date": "2023-01-12T16:45:17.802Z", "updated_date": "2023-01-12T16:45:17.802Z"}}, {"model": "DatabaseApps.review", "pk": 7, "fields": {"book": 6, "user": 3, "text": "Vůbec se to nedalo číst.", "rate": 1.0, "status": true, "ip": "172.18.0.1", "created_date": "2023-01-12T16:45:30.017Z", "updated_date": "2023-01-12T16:45:30.017Z"}}, {"model": "DatabaseApps.review", "pk": 8, "fields": {"book": 4, "user": 1, "text": "Super.", "rate": 5.0, "status": true, "ip": "172.18.0.1", "created_date": "2023-01-12T16:45:57.443Z", "updated_date": "2023-01-12T16:45:57.443Z"}}, {"model": "DatabaseApps.review", "pk": 9, "fields": {"book": 5, "user": 1, "text": "Super.", "rate": 5.0, "status": true, "ip": "172.18.0.1", "created_date": "2023-01-12T16:46:02.133Z", "updated_date": "2023-01-12T16:46:02.133Z"}}, {"model": "DatabaseApps.review", "pk": 10, "fields": {"book": 7, "user": 1, "text": "Super.", "rate": 5.0, "status": true, "ip": "172.18.0.1", "created_date": "2023-01-12T16:46:08.082Z", "updated_date": "2023-01-12T16:46:08.082Z"}}, {"model": "DatabaseApps.review", "pk": 11, "fields": {"book": 3, "user": 1, "text": "Super.", "rate": 5.0, "status": true, "ip": "172.18.0.1", "created_date": "2023-01-12T16:46:12.872Z", "updated_date": "2023-01-12T16:46:12.872Z"}}, {"model": "DatabaseApps.review", "pk": 12, "fields": {"book": 2, "user": 1, "text": "Super.", "rate": 5.0, "status": true, "ip": "172.18.0.1", "created_date": "2023-01-12T16:46:17.208Z", "updated_date": "2023-01-12T16:46:17.208Z"}}, {"model": "DatabaseApps.review", "pk": 13, "fields": {"book": 6, "user": 1, "text": "Super.", "rate": 5.0, "status": true, "ip": "172.18.0.1", "created_date": "2023-01-12T16:46:22.292Z", "updated_date": "2023-01-12T16:46:22.292Z"}}, {"model": "DatabaseApps.review", "pk": 14, "fields": {"book": 1, "user": 1, "text": "Super.", "rate": 5.0, "status": true, "ip": "172.18.0.1", "created_date": "2023-01-12T16:46:27.917Z", "updated_date": "2023-01-12T16:46:27.917Z"}}, {"model": "DatabaseAccounts.profile", "pk": 1, "fields": {"password": "pbkdf2_sha256$390000$BvHSiO7fWIBLi6MuAzoc6r$3vcSCX+c10wlftRyot7Wm/xHaJiWJ90OBXO8EZS0UUQ=", "last_login": "2023-01-12T16:45:47.156Z", "is_superuser": true, "email": "admin@admin.cz", "username": "admin", "first_name": "admin", "last_name": "admin", "age": 20, "phone_number": "123456789", "city": "Opava", "street": "Pekařská", "PCS": "12345", "image": "image_profile/1/image/Catapalism_the_god_of_dragons_ed000a56-6dc6-425f-9a57-23d1a0cc20d5_Hszefho.png", "about": "I am admin", "is_staff": true, "is_active": true, "groups": [1], "user_permissions": []}}, {"model": "DatabaseAccounts.profile", "pk": 2, "fields": {"password": "pbkdf2_sha256$390000$uZZT20o0pZEXm2AuZuY44C$Ds2jasF61j+WW5auRmfGJBWQKmOnPnW2fKxxfxYP89A=", "last_login": "2023-01-12T16:23:10.998Z", "is_superuser": false, "email": "lukas.kuzel@gmail.com", "username": "Lukas", "first_name": "Lukáš", "last_name": "Kůžel", "age": 19, "phone_number": "586468564", "city": "Opava", "street": null, "PCS": "12345", "image": "image_profile/2/image/279059670_409383997328585_1033208024524300169_n_Ko7PJWO.jpg", "about": "I am Lukas", "is_staff": true, "is_active": true, "groups": [1], "user_permissions": []}}, {"model": "DatabaseAccounts.profile", "pk": 3, "fields": {"password": "pbkdf2_sha256$390000$iqnob1oXc4rzlAf8UMLzEU$uCCQnX5wabkzZtMR/MjGXplxebZAgfEO1CR/0cwsODI=", "last_login": "2023-01-12T16:41:39.570Z", "is_superuser": false, "email": "tomas.mensik@gmail.com", "username": "it1920", "first_name": "Tomáš", "last_name": "Menšík", "age": 20, "phone_number": null, "city": "", "street": "", "PCS": null, "image": "image_profile/3/image/stonks-without-stonks_99U1Fd2.jpg", "about": "I am Tomas", "is_staff": false, "is_active": true, "groups": [], "user_permissions": []}}]